,precision,recall,f1-score,support
climbing_stairs,1.0,1.0,1.0,281.0
descending_stairs,1.0,1.0,1.0,281.0
eating,1.0,1.0,1.0,29.0
running,1.0,1.0,1.0,281.0
sitting,0.5,1.0,0.6666666666666666,281.0
standing,0.0,0.0,0.0,281.0
walking,1.0,1.0,1.0,281.0
walking_fast,1.0,1.0,1.0,281.0
accuracy,0.8592184368737475,0.8592184368737475,0.8592184368737475,0.8592184368737475
macro avg,0.8125,0.875,0.8333333333333333,1996.0
weighted avg,0.7888276553106213,0.8592184368737475,0.8122912491649966,1996.0
